INSERT INTO business_certification(business_number) values ('11111111'), ('11111112'),('11111113'),('11111114'),('11111115'),('11111116'),('11111117'),('11111118'),('11111119'),('11111120');

INSERT INTO public.members (created_at, id, updated_at, address, birth, email, name, password, phone_number, role, uuid, with_drawal_status) VALUES
('2024-11-07 14:39:15.027641', 1, '2024-11-07 14:39:16.68669', '광주광역시', '990101', 'example1@ssafy.com', '김싸피1', '1234', '01000000000', 'BUYER', '6f5bfaae-b777-4851-ad2f-c166c2b7f5df', 'ACTIVE'),
('2024-11-07 14:39:15.027641', 2, '2024-11-07 14:39:16.69069', '광주광역시', '990101', 'example2@ssafy.com', '김싸피2', '1234', '01000000001', 'BUYER', 'fdbdc39e-4637-43b6-9747-06e5e627e86a', 'ACTIVE'),
('2024-11-07 14:39:15.027641', 3, '2024-11-07 14:39:16.69069', '광주광역시', '990101', 'example3@ssafy.com', '김싸피3', '1234', '01000000002', 'BUYER', 'fe045014-8c74-4a73-9f44-84a6155eb573', 'ACTIVE'),
('2024-11-07 14:39:15.027641', 4, '2024-11-07 14:39:16.69069', '광주광역시', '990101', 'example4@ssafy.com', '김싸피4', '1234', '01000000003', 'BUYER', 'ce8b09d3-120a-4e55-9956-45da3a5875c1', 'ACTIVE'),
('2024-11-07 14:39:15.027641', 5, '2024-11-07 14:39:16.69069', '광주광역시', '990101', 'example5@ssafy.com', '김싸피5', '1234', '01000000004', 'BUYER', 'e4664476-1807-4eb1-a00e-f54dc4e3b5bc', 'ACTIVE'),
('2024-11-07 14:39:15.027641', 6, '2024-11-07 14:39:16.69069', '광주광역시', '990101', 'example6@ssafy.com', '김싸피6', '1234', '01000000005', 'BUYER', '0770749b-295f-488c-b01b-08b7445e0d8e', 'ACTIVE'),
('2024-11-07 14:39:15.027641', 7, '2024-11-07 14:39:16.69069', '광주광역시', '990101', 'example7@ssafy.com', '김싸피7', '1234', '01000000006', 'BUYER', '4602066f-ff78-4543-aa23-06f31a870d71', 'ACTIVE'),
('2024-11-07 14:39:15.027641', 8, '2024-11-07 14:39:16.69069', '광주광역시', '990101', 'example8@ssafy.com', '김싸피8', '1234', '01000000007', 'BUYER', '6ee22edc-7391-4f89-afb1-f8d8f9fea9f3', 'ACTIVE'),
('2024-11-07 14:39:15.027641', 9, '2024-11-07 14:39:16.69069', '광주광역시', '990101', 'example9@ssafy.com', '김싸피9', '1234', '01000000008', 'BUYER', 'bd0dfef3-9333-4f73-ab75-67edbe439884', 'ACTIVE'),
('2024-11-07 14:39:15.027641', 10, '2024-11-07 14:39:16.69069', '광주광역시', '990101', 'example10@ssafy.com', '김싸피10', '1234', '01000000009', 'BUYER', '9671ae8a-f632-4552-9175-e5bba3c6c0a2', 'ACTIVE'),
('2024-11-07 14:39:15.027641', 11, '2024-11-07 14:39:16.69069', '광주광역시', '990101', 'example11@ssafy.com', '김싸피11', '1234', '01000000010', 'SELLER', '5a458d4c-4c47-438e-9d26-83efa8b6256f', 'ACTIVE'),
('2024-11-07 14:39:15.027641', 12, '2024-11-07 14:39:16.69069', '광주광역시', '990101', 'example12@ssafy.com', '김싸피12', '1234', '01000000011', 'SELLER', 'e6cd631e-22ed-4598-9c56-532c5b6fcd99', 'ACTIVE'),
('2024-11-07 14:39:15.027641', 13, '2024-11-07 14:39:16.69069', '광주광역시', '990101', 'example13@ssafy.com', '김싸피13', '1234', '01000000012', 'SELLER', '8b775ece-cb43-4537-8925-4c6de14d1ab2', 'ACTIVE'),
('2024-11-07 14:39:15.027641', 14, '2024-11-07 14:39:16.691687', '광주광역시', '990101', 'example14@ssafy.com', '김싸피14', '1234', '01000000013', 'SELLER', '4f054ee3-ac5d-40bc-985b-46578d04dd89', 'ACTIVE'),
('2024-11-07 14:39:15.027641', 15, '2024-11-07 14:39:16.691687', '광주광역시', '990101', 'example15@ssafy.com', '김싸피15', '1234', '01000000014', 'SELLER', 'fa0d0766-d67d-4fe4-893f-5540949b1e7b', 'ACTIVE'),
('2024-11-07 14:39:15.027641', 16, '2024-11-07 14:39:16.691687', '광주광역시', '990101', 'example16@ssafy.com', '김싸피16', '1234', '01000000015', 'SELLER', '0eb9f6fe-09c8-4c9f-8559-3924fd3462cd', 'ACTIVE'),
('2024-11-07 14:39:15.027641', 17, '2024-11-07 14:39:16.691687', '광주광역시', '990101', 'example17@ssafy.com', '김싸피17', '1234', '01000000016', 'SELLER', '9b2bec73-fd94-4c23-91cb-39bd8b9f7b76', 'ACTIVE'),
('2024-11-07 14:39:15.027641', 18, '2024-11-07 14:39:16.691687', '광주광역시', '990101', 'example18@ssafy.com', '김싸피18', '1234', '01000000017', 'SELLER', 'b119d442-c17e-4b44-90b4-0768dc9f275b', 'ACTIVE'),
('2024-11-07 14:39:15.027641', 19, '2024-11-07 14:39:16.691687', '광주광역시', '990101', 'example19@ssafy.com', '김싸피19', '1234', '01000000018', 'SELLER', '284fdf4f-b67b-4b3b-8d73-2b27c5adfc8a', 'ACTIVE'),
('2024-11-07 14:39:15.027641', 20, '2024-11-07 14:39:16.691687', '광주광역시', '990101', 'example20@ssafy.com', '김싸피20', '1234', '01000000019', 'SELLER', '196f110c-3542-45a5-ae13-e56f0613bb4d', 'ACTIVE');

-- sequence 설정
ALTER SEQUENCE members_id_seq RESTART WITH 21;

INSERT INTO public.store (created_at, id, member_id, updated_at, address, description, img, name, summary) VALUES
('2024-11-07 10:21:56.53731', 1, 11, '2024-11-07 10:21:56.53731', '광주 서구 내방로 111 광주광역시청', '30년 전통의 손맛을 자랑하는 ''할머니의 정성'' - 매일 아침 직접 담그는 김치와 장아찌가 특징이며, 특히 갓 담근 총각김치가 인기메뉴입니다.', 'https://s3.ap-northeast-2.amazonaws.com/sogoo-bucket/1677b035-febc-40bd-a16a-479695167489.png', '귀찮은 학현이의 반찬', '전반적으로 반찬 신선도가 높으며, 특히 김치류의 만족도가 높은 편입니다.'),
('2024-11-07 10:21:56.55831', 2, 12, '2024-11-07 10:21:56.55831', '광주 광산구 하남산단6번로 57', '신선한 재료만을 고집하는 ''산들정 반찬'' - 매일 새벽 시장에서 엄선한 식재료로 건강한 반찬을 만들며, 무방부제 천연조미료만을 사용합니다.', 'https://s3.ap-northeast-2.amazonaws.com/sogoo-bucket/1677b035-febc-40bd-a16a-479695167489.png', '민채의 투잡가게', '배송 포장 상태에 대한 불만이 다수 제기되었으며, 국물 반찬의 유출 문제가 빈번히 발생합니다.'),
('2024-11-07 10:21:56.560313', 3, 13, '2024-11-07 10:21:56.560313', '광주광역시 광산구 하남산단6번로 133', '젊은 주부들의 맛집 ''모던키친'' - 전통 레시피에 현대적인 맛을 더한 퓨전반찬이 특징이며, SNS를 통한 주문배달이 가능합니다.', 'https://s3.ap-northeast-2.amazonaws.com/sogoo-bucket/1677b035-febc-40bd-a16a-479695167489.png', 'KBI 혁준이네', '가격대비 양이 적다는 의견이 많으나, 맛과 품질면에서는 대체로 긍정적입니다.'),
('2024-11-07 10:21:56.56231', 4, 14, '2024-11-07 10:21:56.56231', '광주 광산구 장신로 81', '집밥 전문점 ''소소한끼'' - 엄마의 손맛을 재현한 정갈한 반찬들이 인기이며, 특히 제육볶음과 간장게장이 대표메뉴입니다.', 'https://s3.ap-northeast-2.amazonaws.com/sogoo-bucket/1677b035-febc-40bd-a16a-479695167489.png', '반규범찬', '1인 가구를 위한 소분 포장이 좋다는 평가가 많으며, 보관 용이성이 장점으로 꼽힙니다.'),
('2024-11-07 10:21:56.56331', 5, 15, '2024-11-07 10:21:56.56331', '광주 광산구 임방울대로 338', '건강식 반찬전문점 ''채움'' - 저염식 반찬과 채식주의자를 위한 메뉴가 다양하며, 영양사의 상담도 가능합니다.', 'https://s3.ap-northeast-2.amazonaws.com/sogoo-bucket/1677b035-febc-40bd-a16a-479695167489.png', '동민의 최애의 반찬', '화학조미료를 사용하지 않은 깔끔한 맛이 특징이나, 일부 고객층에서는 싱거운 맛을 지적합니다.'),
('2024-11-07 10:21:56.56531', 6, 16, '2024-11-07 10:21:56.56531', '광주 서구 상무시민로 99', '프리미엄 반찬샵 ''맛의품격'' - 고급 식자재를 사용한 특별한 반찬들을 판매하며, 선물세트도 준비되어 있습니다.', 'https://s3.ap-northeast-2.amazonaws.com/sogoo-bucket/1677b035-febc-40bd-a16a-479695167489.png', '흑백승현', '계절 특선 반찬의 퀄리티가 우수하다는 평가가 다수이며, 제철 식재료 활용도가 높습니다.'),
('2024-11-07 10:21:56.56731', 7, 17, '2024-11-07 10:21:56.56731', '광주 서구 운천로 253', '월정액 반찬가게 ''든든한식탁'' - 매주 새로운 메뉴로 구성된 반찬 세트를 정기배송하며, 1인 가구를 위한 소량포장도 가능합니다.', 'https://s3.ap-northeast-2.amazonaws.com/sogoo-bucket/1677b035-febc-40bd-a16a-479695167489.png', '싸피반찬', '직원들의 서비스 품질이 일관적이지 않다는 피드백이 있으며, 특히 바쁜 시간대의 고객 응대가 미흡합니다.'),
('2024-11-07 10:21:56.568309', 8, 18, '2024-11-07 10:21:56.568309', '광주 서구 시청로60번길 21-3', '계절별 특선반찬 ''제철맛집'' - 계절마다 바뀌는 제철 식재료로 만든 반찬을 선보이며, 김장철 맞춤형 상품도 준비합니다.', 'https://s3.ap-northeast-2.amazonaws.com/sogoo-bucket/1677b035-febc-40bd-a16a-479695167489.png', '찬찬히', '정기 배송 서비스의 정시성과 신선도 유지가 우수하다는 평가가 지배적입니다.'),
('2024-11-07 10:21:56.569311', 9, 19, '2024-11-07 10:21:56.569311', '광주광역시 광산구 장신로19번안길 23', '수제반찬전문점 ''손맛이야기'' - 화학조미료를 사용하지 않고 전통방식으로 만든 반찬을 판매하며, 밑반찬부터 메인반찬까지 구비되어 있습니다.', 'https://s3.ap-northeast-2.amazonaws.com/sogoo-bucket/1677b035-febc-40bd-a16a-479695167489.png', '옥희네 반찬', '젓갈류 반찬의 염도가 높다는 의견이 많으며, 저염 옵션 추가 요청이 있습니다.'),
('2024-11-07 10:21:56.571308', 10, 20, '2024-11-07 10:21:56.571308', '광주광역시 광산구 장덕로 41', '가정식백반 & 반찬가게 ''오늘의밥상'' - 점심에는 백반을 제공하고 오후에는 반찬가게로 운영되며, 식사메뉴의 반찬들을 구매할 수 있습니다.', 'https://s3.ap-northeast-2.amazonaws.com/sogoo-bucket/1677b035-febc-40bd-a16a-479695167489.png', '찬장이 필요해', '매운 반찬의 경우 매운맛 강도가 일정하지 않다는 의견이 있으며, 단계별 매운맛 표시 요청이 있습니다.');

-- Sequence 재설정
ALTER SEQUENCE store_id_seq RESTART WITH 11;

INSERT INTO public.food (price, created_at, id, store_id, updated_at, description, img, name, summary) VALUES
(4000, '2024-11-07 14:53:50.497349', 1, 1, '2024-11-07 14:53:50.497349', '간장에 우려낸 깊은 감칠맛이 특징인 밥반찬으로, 부드러운 고기와 짭조름한 간장 양념이 조화를 이루는 한국의 대표적인 밑반찬입니다.', 'https://sogoo-bucket.s3.ap-northeast-2.amazonaws.com/c37f484f-8192-4d5c-bc83-3dd4ff54c6cf.png', '장로짐', NULL),
(7000, '2024-11-07 14:53:50.536349', 2, 1, '2024-11-07 14:53:50.536349', '아삭한 대파의 식감과 매콤한 양념이 어우러진 김치로, 특유의 알싸한 맛이 식욕을 돋우는 밑반찬입니다.', 'https://sogoo-bucket.s3.ap-northeast-2.amazonaws.com/c37f484f-8192-4d5c-bc83-3dd4ff54c6cf.png', '파김치', NULL),
(5000, '2024-11-07 14:53:50.539369', 3, 1, '2024-11-07 14:53:50.539369', '달콤하고 부드러운 양념에 재운 소고기를 구워낸 한식의 대표 메뉴로, 남녀노소 누구나 좋아하는 메인 반찬입니다.', 'https://sogoo-bucket.s3.ap-northeast-2.amazonaws.com/c37f484f-8192-4d5c-bc83-3dd4ff54c6cf.png', '불고기', NULL),
(4000, '2024-11-07 14:53:50.54136', 4, 1, '2024-11-07 14:53:50.54136', '당면과 각종 채소를 볶아 참기름과 간장으로 맛을 낸 한식의 대표적인 명절 음식이자 반찬입니다.', 'https://sogoo-bucket.s3.ap-northeast-2.amazonaws.com/c37f484f-8192-4d5c-bc83-3dd4ff54c6cf.png', '잡채', NULL),
(5000, '2024-11-07 14:53:50.54335', 5, 1, '2024-11-07 14:53:50.54335', '진한 김치의 감칠맛과 구수한 돼지고기가 어우러진 한국의 대표적인 찌개 요리입니다.', 'https://sogoo-bucket.s3.ap-northeast-2.amazonaws.com/c37f484f-8192-4d5c-bc83-3dd4ff54c6cf.png', '김치찌개', NULL),
(4000, '2024-11-07 14:53:50.547349', 6, 2, '2024-11-07 14:53:50.547349', '시금치를 살짝 데쳐 참기름과 간장으로 무친 건강한 나물반찬으로, 깔끔하고 담백한 맛이 특징입니다.', 'https://sogoo-bucket.s3.ap-northeast-2.amazonaws.com/c37f484f-8192-4d5c-bc83-3dd4ff54c6cf.png', '시금치', NULL),
(7000, '2024-11-07 14:53:50.550349', 7, 2, '2024-11-07 14:53:50.550349', '잔멸치를 간장과 매실청으로 달콤짭조름하게 볶아낸 고소한 밑반찬입니다.', 'https://sogoo-bucket.s3.ap-northeast-2.amazonaws.com/c37f484f-8192-4d5c-bc83-3dd4ff54c6cf.png', '멸치볶음', NULL),
(5000, '2024-11-07 14:53:50.55135', 8, 2, '2024-11-07 14:53:50.55135', '소시지와 각종 채소를 달콤한 양념으로 볶아낸 반찬으로, 아이들에게 특히 인기가 높습니다.', 'https://sogoo-bucket.s3.ap-northeast-2.amazonaws.com/c37f484f-8192-4d5c-bc83-3dd4ff54c6cf.png', '소야볶', NULL),
(4000, '2024-11-07 14:53:50.553349', 9, 2, '2024-11-07 14:53:50.553349', '간장에 우려낸 깊은 감칠맛이 특징인 밥반찬으로, 부드러운 고기와 짭조름한 간장 양념이 조화를 이루는 한국의 대표적인 밑반찬입니다.', 'https://sogoo-bucket.s3.ap-northeast-2.amazonaws.com/c37f484f-8192-4d5c-bc83-3dd4ff54c6cf.png', '장로짐', NULL),
(5000, '2024-11-07 14:53:50.55635', 10, 2, '2024-11-07 14:53:50.55635', '아삭한 대파의 식감과 매콤한 양념이 어우러진 김치로, 특유의 알싸한 맛이 식욕을 돋우는 밑반찬입니다.', 'https://sogoo-bucket.s3.ap-northeast-2.amazonaws.com/c37f484f-8192-4d5c-bc83-3dd4ff54c6cf.png', '파김치', NULL),
(4000, '2024-11-07 14:53:50.559385', 11, 3, '2024-11-07 14:53:50.559385', '달콤하고 부드러운 양념에 재운 소고기를 구워낸 한식의 대표 메뉴로, 남녀노소 누구나 좋아하는 메인 반찬입니다.', 'https://sogoo-bucket.s3.ap-northeast-2.amazonaws.com/c37f484f-8192-4d5c-bc83-3dd4ff54c6cf.png', '불고기', NULL),
(7000, '2024-11-07 14:53:50.560349', 12, 3, '2024-11-07 14:53:50.560349', '당면과 각종 채소를 볶아 참기름과 간장으로 맛을 낸 한식의 대표적인 명절 음식이자 반찬입니다.', 'https://sogoo-bucket.s3.ap-northeast-2.amazonaws.com/c37f484f-8192-4d5c-bc83-3dd4ff54c6cf.png', '잡채', NULL),
(5000, '2024-11-07 14:53:50.56135', 13, 3, '2024-11-07 14:53:50.56135', '진한 김치의 감칠맛과 구수한 돼지고기가 어우러진 한국의 대표적인 찌개 요리입니다.', 'https://sogoo-bucket.s3.ap-northeast-2.amazonaws.com/c37f484f-8192-4d5c-bc83-3dd4ff54c6cf.png', '김치찌개', NULL),
(4000, '2024-11-07 14:53:50.562349', 14, 3, '2024-11-07 14:53:50.562349', '시금치를 살짝 데쳐 참기름과 간장으로 무친 건강한 나물반찬으로, 깔끔하고 담백한 맛이 특징입니다.', 'https://sogoo-bucket.s3.ap-northeast-2.amazonaws.com/c37f484f-8192-4d5c-bc83-3dd4ff54c6cf.png', '시금치', NULL),
(5000, '2024-11-07 14:53:50.56335', 15, 3, '2024-11-07 14:53:50.56335', '잔멸치를 간장과 매실청으로 달콤짭조름하게 볶아낸 고소한 밑반찬입니다.', 'https://sogoo-bucket.s3.ap-northeast-2.amazonaws.com/c37f484f-8192-4d5c-bc83-3dd4ff54c6cf.png', '멸치볶음', NULL),
(4000, '2024-11-07 14:53:50.566354', 16, 4, '2024-11-07 14:53:50.566354', '소시지와 각종 채소를 달콤한 양념으로 볶아낸 반찬으로, 아이들에게 특히 인기가 높습니다.', 'https://sogoo-bucket.s3.ap-northeast-2.amazonaws.com/c37f484f-8192-4d5c-bc83-3dd4ff54c6cf.png', '소야볶', NULL),
(7000, '2024-11-07 14:53:50.567349', 17, 4, '2024-11-07 14:53:50.567349', '간장에 우려낸 깊은 감칠맛이 특징인 밥반찬으로, 부드러운 고기와 짭조름한 간장 양념이 조화를 이루는 한국의 대표적인 밑반찬입니다.', 'https://sogoo-bucket.s3.ap-northeast-2.amazonaws.com/c37f484f-8192-4d5c-bc83-3dd4ff54c6cf.png', '장로짐', NULL),
(5000, '2024-11-07 14:53:50.568349', 18, 4, '2024-11-07 14:53:50.568349', '아삭한 대파의 식감과 매콤한 양념이 어우러진 김치로, 특유의 알싸한 맛이 식욕을 돋우는 밑반찬입니다.', 'https://sogoo-bucket.s3.ap-northeast-2.amazonaws.com/c37f484f-8192-4d5c-bc83-3dd4ff54c6cf.png', '파김치', NULL),
(4000, '2024-11-07 14:53:50.569349', 19, 4, '2024-11-07 14:53:50.569349', '달콤하고 부드러운 양념에 재운 소고기를 구워낸 한식의 대표 메뉴로, 남녀노소 누구나 좋아하는 메인 반찬입니다.', 'https://sogoo-bucket.s3.ap-northeast-2.amazonaws.com/c37f484f-8192-4d5c-bc83-3dd4ff54c6cf.png', '불고기', NULL),
(5000, '2024-11-07 14:53:50.57035', 20, 4, '2024-11-07 14:53:50.57035', '당면과 각종 채소를 볶아 참기름과 간장으로 맛을 낸 한식의 대표적인 명절 음식이자 반찬입니다.', 'https://sogoo-bucket.s3.ap-northeast-2.amazonaws.com/c37f484f-8192-4d5c-bc83-3dd4ff54c6cf.png', '잡채', NULL),
(4000, '2024-11-07 14:53:50.57235', 21, 5, '2024-11-07 14:53:50.57235', '진한 김치의 감칠맛과 구수한 돼지고기가 어우러진 한국의 대표적인 찌개 요리입니다.', 'https://sogoo-bucket.s3.ap-northeast-2.amazonaws.com/c37f484f-8192-4d5c-bc83-3dd4ff54c6cf.png', '김치찌개', NULL),
(7000, '2024-11-07 14:53:50.573349', 22, 5, '2024-11-07 14:53:50.573349', '시금치를 살짝 데쳐 참기름과 간장으로 무친 건강한 나물반찬으로, 깔끔하고 담백한 맛이 특징입니다.', 'https://sogoo-bucket.s3.ap-northeast-2.amazonaws.com/c37f484f-8192-4d5c-bc83-3dd4ff54c6cf.png', '시금치', NULL),
(5000, '2024-11-07 14:53:50.57435', 23, 5, '2024-11-07 14:53:50.57435', '잔멸치를 간장과 매실청으로 달콤짭조름하게 볶아낸 고소한 밑반찬입니다.', 'https://sogoo-bucket.s3.ap-northeast-2.amazonaws.com/c37f484f-8192-4d5c-bc83-3dd4ff54c6cf.png', '멸치볶음', NULL),
(4000, '2024-11-07 14:53:50.575349', 24, 5, '2024-11-07 14:53:50.575349', '소시지와 각종 채소를 달콤한 양념으로 볶아낸 반찬으로, 아이들에게 특히 인기가 높습니다.', 'https://sogoo-bucket.s3.ap-northeast-2.amazonaws.com/c37f484f-8192-4d5c-bc83-3dd4ff54c6cf.png', '소야볶', NULL),
(5000, '2024-11-07 14:53:50.575349', 25, 5, '2024-11-07 14:53:50.575349', '간장에 우려낸 깊은 감칠맛이 특징인 밥반찬으로, 부드러운 고기와 짭조름한 간장 양념이 조화를 이루는 한국의 대표적인 밑반찬입니다.', 'https://sogoo-bucket.s3.ap-northeast-2.amazonaws.com/c37f484f-8192-4d5c-bc83-3dd4ff54c6cf.png', '장로짐', NULL);

-- 시퀀스 값 설정
SELECT pg_catalog.setval('public.food_id_seq', 25, true);